"","x","y","test","fitted","forecast","upper_ci","lower_ci"
"1",2011-01-01,985,0,982.707904315808,NA,NA,NA
"2",2011-01-02,801,0,798.339824374735,NA,NA,NA
"3",2011-01-03,1349,0,1346.08077212473,NA,NA,NA
"4",2011-01-04,1562,0,1559.02856563587,NA,NA,NA
"5",2011-01-05,1600,0,1597.27089939448,NA,NA,NA
"6",2011-01-06,1606,0,1603.43606390991,NA,NA,NA
"7",2011-01-07,1510,0,1506.71994591191,NA,NA,NA
"8",2011-01-08,959,0,956.110582366158,NA,NA,NA
"9",2011-01-09,822,0,819.186402266387,NA,NA,NA
"10",2011-01-10,1321,0,1317.96158197398,NA,NA,NA
"11",2011-01-11,1263,0,1259.52974492485,NA,NA,NA
"12",2011-01-12,1162,0,1159.02603026646,NA,NA,NA
"13",2011-01-13,1406,0,1402.99114703824,NA,NA,NA
"14",2011-01-14,1421,0,1418.4318540576,NA,NA,NA
"15",2011-01-15,1248,0,1245.39336141408,NA,NA,NA
"16",2011-01-16,1204,0,1201.53989705849,NA,NA,NA
"17",2011-01-17,1000,0,996.298605312261,NA,NA,NA
"18",2011-01-18,683,0,680.021475452918,NA,NA,NA
"19",2011-01-19,1650,0,1646.38005266453,NA,NA,NA
"20",2011-01-20,1927,0,1923.33479990899,NA,NA,NA
"21",2011-01-21,1543,0,1539.8612724513,NA,NA,NA
"22",2011-01-22,981,0,978.791776168223,NA,NA,NA
"23",2011-01-23,986,0,983.174101297622,NA,NA,NA
"24",2011-01-24,1416,0,1412.83721529716,NA,NA,NA
"25",2011-01-25,1985,0,1981.05802660824,NA,NA,NA
"26",2011-01-26,506,0,502.216003077544,NA,NA,NA
"27",2011-01-27,431,0,429.326961984792,NA,NA,NA
"28",2011-01-28,1167,0,1163.88250627723,NA,NA,NA
"29",2011-01-29,1098,0,1095.95791033663,NA,NA,NA
"30",2011-01-30,1096,0,1093.63264198766,NA,NA,NA
"31",2011-01-31,1501,0,1497.16838402569,NA,NA,NA
"32",2011-02-01,1360,0,1356.52371443074,NA,NA,NA
"33",2011-02-02,1526,0,1522.18866685736,NA,NA,NA
"34",2011-02-03,1550,0,1547.00736875143,NA,NA,NA
"35",2011-02-04,1708,0,1704.57121966846,NA,NA,NA
"36",2011-02-05,1005,0,1002.13721846938,NA,NA,NA
"37",2011-02-06,1623,0,1620.3281553057,NA,NA,NA
"38",2011-02-07,1712,0,1709.17365989183,NA,NA,NA
"39",2011-02-08,1530,0,1526.64681891231,NA,NA,NA
"40",2011-02-09,1605,0,1601.17008817201,NA,NA,NA
"41",2011-02-10,1538,0,1535.01462727693,NA,NA,NA
"42",2011-02-11,1746,0,1743.27387507339,NA,NA,NA
"43",2011-02-12,1472,0,1469.62774132848,NA,NA,NA
"44",2011-02-13,1589,0,1586.28272157811,NA,NA,NA
"45",2011-02-14,1913,0,1909.90651169583,NA,NA,NA
"46",2011-02-15,1815,0,1811.95611530338,NA,NA,NA
"47",2011-02-16,2115,0,2111.91166155399,NA,NA,NA
"48",2011-02-17,2475,0,2472.02369633839,NA,NA,NA
"49",2011-02-18,2927,0,2923.85948914653,NA,NA,NA
"50",2011-02-19,1635,0,1632.69240858249,NA,NA,NA
"51",2011-02-20,1812,0,1809.09980769648,NA,NA,NA
"52",2011-02-21,1107,0,1103.25816511037,NA,NA,NA
"53",2011-02-22,1450,0,1446.98205003817,NA,NA,NA
"54",2011-02-23,1917,0,1914.17962457442,NA,NA,NA
"55",2011-02-24,1807,0,1803.2423529417,NA,NA,NA
"56",2011-02-25,1461,0,1457.65069610337,NA,NA,NA
"57",2011-02-26,1969,0,1966.39549734988,NA,NA,NA
"58",2011-02-27,2402,0,2398.67566482309,NA,NA,NA
"59",2011-02-28,1446,0,1442.44787034875,NA,NA,NA
"60",2011-03-01,1851,0,1847.86003952355,NA,NA,NA
"61",2011-03-02,2134,0,2130.76044600421,NA,NA,NA
"62",2011-03-03,1685,0,1682.16636421613,NA,NA,NA
"63",2011-03-04,1944,0,1940.27255734035,NA,NA,NA
"64",2011-03-05,2077,0,2073.50498918174,NA,NA,NA
"65",2011-03-06,605,0,602.024901974201,NA,NA,NA
"66",2011-03-07,1872,0,1868.38982682375,NA,NA,NA
"67",2011-03-08,2133,0,2130.04823181578,NA,NA,NA
"68",2011-03-09,1891,0,1887.05166428629,NA,NA,NA
"69",2011-03-10,623,0,620.803162919668,NA,NA,NA
"70",2011-03-11,1977,0,1973.3146466678,NA,NA,NA
"71",2011-03-12,2132,0,2129.2315714961,NA,NA,NA
"72",2011-03-13,2417,0,2413.57823654206,NA,NA,NA
"73",2011-03-14,2046,0,2043.04053264053,NA,NA,NA
"74",2011-03-15,2056,0,2052.10569495831,NA,NA,NA
"75",2011-03-16,2192,0,2188.04315563608,NA,NA,NA
"76",2011-03-17,2744,0,2740.61044673178,NA,NA,NA
"77",2011-03-18,3239,0,3235.6766160929,NA,NA,NA
"78",2011-03-19,3117,0,3113.61105637087,NA,NA,NA
"79",2011-03-20,2471,0,2467.56237987201,NA,NA,NA
"80",2011-03-21,2077,0,2072.67855150355,NA,NA,NA
"81",2011-03-22,2703,0,2699.15075737275,NA,NA,NA
"82",2011-03-23,2121,0,2116.53653775194,NA,NA,NA
"83",2011-03-24,1865,0,1860.66762937569,NA,NA,NA
"84",2011-03-25,2210,0,2206.3927766215,NA,NA,NA
"85",2011-03-26,2496,0,2492.5307663578,NA,NA,NA
"86",2011-03-27,1693,0,1689.05304762873,NA,NA,NA
"87",2011-03-28,2028,0,2024.49721250233,NA,NA,NA
"88",2011-03-29,2425,0,2421.26944822786,NA,NA,NA
"89",2011-03-30,1536,0,1532.32759243364,NA,NA,NA
"90",2011-03-31,1685,0,1680.05047861209,NA,NA,NA
"91",2011-04-01,2227,0,2222.52135354022,NA,NA,NA
"92",2011-04-02,2252,0,2247.99979063873,NA,NA,NA
"93",2011-04-03,3249,0,3244.63291922838,NA,NA,NA
"94",2011-04-04,3115,0,3110.90757645993,NA,NA,NA
"95",2011-04-05,1795,0,1790.81724585086,NA,NA,NA
"96",2011-04-06,2808,0,2804.00499596573,NA,NA,NA
"97",2011-04-07,3141,0,3137.04188610054,NA,NA,NA
"98",2011-04-08,1471,0,1467.32347313593,NA,NA,NA
"99",2011-04-09,2455,0,2450.8158827513,NA,NA,NA
"100",2011-04-10,2895,0,2890.15397506408,NA,NA,NA
"101",2011-04-11,3348,0,3342.91152535771,NA,NA,NA
"102",2011-04-12,2034,0,2030.0840519553,NA,NA,NA
"103",2011-04-13,2162,0,2157.69523001562,NA,NA,NA
"104",2011-04-14,3267,0,3263.22728641356,NA,NA,NA
"105",2011-04-15,3126,0,3121.52356107794,NA,NA,NA
"106",2011-04-16,795,0,791.553679951113,NA,NA,NA
"107",2011-04-17,3744,0,3739.10023071215,NA,NA,NA
"108",2011-04-18,3429,0,3424.83052623176,NA,NA,NA
"109",2011-04-19,3204,0,3199.31249560313,NA,NA,NA
"110",2011-04-20,3944,0,3939.4946405391,NA,NA,NA
"111",2011-04-21,4189,0,4183.86075773968,NA,NA,NA
"112",2011-04-22,1683,0,1679.25148611202,NA,NA,NA
"113",2011-04-23,4036,0,4030.38747994634,NA,NA,NA
"114",2011-04-24,4191,0,4185.34292855688,NA,NA,NA
"115",2011-04-25,4073,0,4068.20631534797,NA,NA,NA
"116",2011-04-26,4400,0,4394.73603469927,NA,NA,NA
"117",2011-04-27,3872,0,3866.54475343127,NA,NA,NA
"118",2011-04-28,4058,0,4052.56091689084,NA,NA,NA
"119",2011-04-29,4595,0,4589.88890306355,NA,NA,NA
"120",2011-04-30,5312,0,5306.25142881978,NA,NA,NA
"121",2011-05-01,3351,0,3345.98271652794,NA,NA,NA
"122",2011-05-02,4401,0,4395.03255645053,NA,NA,NA
"123",2011-05-03,4451,0,4444.92702678464,NA,NA,NA
"124",2011-05-04,2633,0,2628.0988850412,NA,NA,NA
"125",2011-05-05,4433,0,4427.63754820402,NA,NA,NA
"126",2011-05-06,4608,0,4602.63482047191,NA,NA,NA
"127",2011-05-07,4714,0,4709.15746681779,NA,NA,NA
"128",2011-05-08,4333,0,4328.18364258144,NA,NA,NA
"129",2011-05-09,4362,0,4356.8700786322,NA,NA,NA
"130",2011-05-10,4803,0,4797.78166281124,NA,NA,NA
"131",2011-05-11,4182,0,4177.35135216149,NA,NA,NA
"132",2011-05-12,4864,0,4858.4204021616,NA,NA,NA
"133",2011-05-13,4105,0,4099.39942368584,NA,NA,NA
"134",2011-05-14,3409,0,3404.42841794548,NA,NA,NA
"135",2011-05-15,4553,0,4546.93758426403,NA,NA,NA
"136",2011-05-16,3958,0,3953.34243516313,NA,NA,NA
"137",2011-05-17,4123,0,4117.07468687822,NA,NA,NA
"138",2011-05-18,3855,0,3849.54909982017,NA,NA,NA
"139",2011-05-19,4575,0,4569.13448349414,NA,NA,NA
"140",2011-05-20,4917,0,4911.65868113752,NA,NA,NA
"141",2011-05-21,5805,0,5799.36986046051,NA,NA,NA
"142",2011-05-22,4660,0,4654.80419621025,NA,NA,NA
"143",2011-05-23,4274,0,4268.23262485888,NA,NA,NA
"144",2011-05-24,4492,0,4486.34623688842,NA,NA,NA
"145",2011-05-25,4978,0,4972.81855056383,NA,NA,NA
"146",2011-05-26,4677,0,4672.27557189586,NA,NA,NA
"147",2011-05-27,4679,0,4674.18249345635,NA,NA,NA
"148",2011-05-28,4758,0,4753.20655806116,NA,NA,NA
"149",2011-05-29,4788,0,4782.6521481738,NA,NA,NA
"150",2011-05-30,4098,0,4093.45175650844,NA,NA,NA
"151",2011-05-31,3982,0,3978.31594562448,NA,NA,NA
"152",2011-06-01,3974,0,3969.37757220742,NA,NA,NA
"153",2011-06-02,4968,0,4963.16003891088,NA,NA,NA
"154",2011-06-03,5312,0,5306.61220619855,NA,NA,NA
"155",2011-06-04,5342,0,5337.11438791437,NA,NA,NA
"156",2011-06-05,4906,0,4900.14999431193,NA,NA,NA
"157",2011-06-06,4548,0,4543.31584292662,NA,NA,NA
"158",2011-06-07,4833,0,4828.05019374892,NA,NA,NA
"159",2011-06-08,4401,0,4396.91868786089,NA,NA,NA
"160",2011-06-09,3915,0,3910.94875897608,NA,NA,NA
"161",2011-06-10,4586,0,4581.83776982928,NA,NA,NA
"162",2011-06-11,4966,0,4961.51001108584,NA,NA,NA
"163",2011-06-12,4460,0,4455.26431329124,NA,NA,NA
"164",2011-06-13,5020,0,5014.32651173815,NA,NA,NA
"165",2011-06-14,4891,0,4885.51230837117,NA,NA,NA
"166",2011-06-15,5180,0,5174.69124531409,NA,NA,NA
"167",2011-06-16,3767,0,3762.17340734753,NA,NA,NA
"168",2011-06-17,4844,0,4839.05041870154,NA,NA,NA
"169",2011-06-18,5119,0,5114.33051983124,NA,NA,NA
"170",2011-06-19,4744,0,4738.57267608077,NA,NA,NA
"171",2011-06-20,4010,0,4004.76866956918,NA,NA,NA
"172",2011-06-21,4835,0,4828.76458241243,NA,NA,NA
"173",2011-06-22,4507,0,4502.11388449892,NA,NA,NA
"174",2011-06-23,4790,0,4784.04656953416,NA,NA,NA
"175",2011-06-24,4991,0,4985.78251352898,NA,NA,NA
"176",2011-06-25,5202,0,5196.85167927092,NA,NA,NA
"177",2011-06-26,5305,0,5299.45443195372,NA,NA,NA
"178",2011-06-27,4708,0,4702.1022819894,NA,NA,NA
"179",2011-06-28,4648,0,4643.08002556882,NA,NA,NA
"180",2011-06-29,5225,0,5219.37218356163,NA,NA,NA
"181",2011-06-30,5515,0,5509.32553659878,NA,NA,NA
"182",2011-07-01,5362,0,5356.89789502355,NA,NA,NA
"183",2011-07-02,5119,0,5114.36292863645,NA,NA,NA
"184",2011-07-03,4649,0,4643.00513302232,NA,NA,NA
"185",2011-07-04,6043,0,6035.59165793859,NA,NA,NA
"186",2011-07-05,4665,0,4660.1519770447,NA,NA,NA
"187",2011-07-06,4629,0,4623.94804519025,NA,NA,NA
"188",2011-07-07,4592,0,4587.25233213107,NA,NA,NA
"189",2011-07-08,4040,0,4034.77256190207,NA,NA,NA
"190",2011-07-09,5336,0,5330.80814869732,NA,NA,NA
"191",2011-07-10,4881,0,4875.79861947403,NA,NA,NA
"192",2011-07-11,4086,0,4081.24525652296,NA,NA,NA
"193",2011-07-12,4258,0,4253.5693266922,NA,NA,NA
"194",2011-07-13,4342,0,4337.46178085731,NA,NA,NA
"195",2011-07-14,5084,0,5078.49397204498,NA,NA,NA
"196",2011-07-15,5538,0,5532.08728938078,NA,NA,NA
"197",2011-07-16,5923,0,5916.97655200032,NA,NA,NA
"198",2011-07-17,5302,0,5296.0871437152,NA,NA,NA
"199",2011-07-18,4458,0,4452.97303932495,NA,NA,NA
"200",2011-07-19,4541,0,4536.30734872424,NA,NA,NA
"201",2011-07-20,4332,0,4327.55342251877,NA,NA,NA
"202",2011-07-21,3784,0,3779.4078909601,NA,NA,NA
"203",2011-07-22,3387,0,3384.04485646396,NA,NA,NA
"204",2011-07-23,3285,0,3282.4920431742,NA,NA,NA
"205",2011-07-24,3606,0,3602.43832201096,NA,NA,NA
"206",2011-07-25,3840,0,3835.79116325317,NA,NA,NA
"207",2011-07-26,4590,0,4585.17553058756,NA,NA,NA
"208",2011-07-27,4656,0,4651.40180962427,NA,NA,NA
"209",2011-07-28,4390,0,4385.58499139851,NA,NA,NA
"210",2011-07-29,3846,0,3842.48103829166,NA,NA,NA
"211",2011-07-30,4475,0,4471.07867305445,NA,NA,NA
"212",2011-07-31,4302,0,4297.74139811812,NA,NA,NA
"213",2011-08-01,4266,0,4261.50251297452,NA,NA,NA
"214",2011-08-02,4845,0,4839.98665929289,NA,NA,NA
"215",2011-08-03,3574,0,3569.47800549737,NA,NA,NA
"216",2011-08-04,4576,0,4570.21229422368,NA,NA,NA
"217",2011-08-05,4866,0,4860.86395356236,NA,NA,NA
"218",2011-08-06,4294,0,4288.77611618118,NA,NA,NA
"219",2011-08-07,3785,0,3780.62360652486,NA,NA,NA
"220",2011-08-08,4326,0,4321.28079142403,NA,NA,NA
"221",2011-08-09,4602,0,4597.257712638,NA,NA,NA
"222",2011-08-10,4780,0,4775.16518868258,NA,NA,NA
"223",2011-08-11,4792,0,4787.15666998598,NA,NA,NA
"224",2011-08-12,4905,0,4900.20889603475,NA,NA,NA
"225",2011-08-13,4150,0,4144.8818558589,NA,NA,NA
"226",2011-08-14,3820,0,3814.54241670746,NA,NA,NA
"227",2011-08-15,4338,0,4332.73848887997,NA,NA,NA
"228",2011-08-16,4725,0,4719.63715286092,NA,NA,NA
"229",2011-08-17,4694,0,4689.07929314107,NA,NA,NA
"230",2011-08-18,3805,0,3800.69016612588,NA,NA,NA
"231",2011-08-19,4153,0,4147.81986413429,NA,NA,NA
"232",2011-08-20,5191,0,5185.90532364333,NA,NA,NA
"233",2011-08-21,3873,0,3868.27905275677,NA,NA,NA
"234",2011-08-22,4758,0,4752.50029162093,NA,NA,NA
"235",2011-08-23,5895,0,5888.62418220392,NA,NA,NA
"236",2011-08-24,5130,0,5124.1462250209,NA,NA,NA
"237",2011-08-25,3542,0,3537.10291699704,NA,NA,NA
"238",2011-08-26,4661,0,4656.15109608711,NA,NA,NA
"239",2011-08-27,1115,0,1112.33288126637,NA,NA,NA
"240",2011-08-28,4334,0,4328.88616312256,NA,NA,NA
"241",2011-08-29,4634,0,4628.64218930159,NA,NA,NA
"242",2011-08-30,5204,0,5198.26290198452,NA,NA,NA
"243",2011-08-31,5058,0,5052.61074309347,NA,NA,NA
"244",2011-09-01,5115,0,5109.41890969933,NA,NA,NA
"245",2011-09-02,4727,0,4721.07597916678,NA,NA,NA
"246",2011-09-03,4484,0,4479.23768846355,NA,NA,NA
"247",2011-09-04,4940,0,4934.33141438097,NA,NA,NA
"248",2011-09-05,3351,0,3345.55079802955,NA,NA,NA
"249",2011-09-06,2710,0,2704.07684759141,NA,NA,NA
"250",2011-09-07,1996,0,1991.69849013358,NA,NA,NA
"251",2011-09-08,1842,0,1837.78444704732,NA,NA,NA
"252",2011-09-09,3544,0,3539.1325359046,NA,NA,NA
"253",2011-09-10,5345,0,5339.38478661473,NA,NA,NA
"254",2011-09-11,5046,0,5040.29623224305,NA,NA,NA
"255",2011-09-12,4713,0,4707.60790419489,NA,NA,NA
"256",2011-09-13,4763,0,4757.50469559575,NA,NA,NA
"257",2011-09-14,4785,0,4779.59842495686,NA,NA,NA
"258",2011-09-15,3659,0,3653.50080706648,NA,NA,NA
"259",2011-09-16,4760,0,4753.50943198036,NA,NA,NA
"260",2011-09-17,4511,0,4504.88198722775,NA,NA,NA
"261",2011-09-18,4274,0,4268.40307021865,NA,NA,NA
"262",2011-09-19,4539,0,4532.59886818792,NA,NA,NA
"263",2011-09-20,3641,0,3635.45862724434,NA,NA,NA
"264",2011-09-21,4352,0,4346.03090907431,NA,NA,NA
"265",2011-09-22,4795,0,4788.7045221855,NA,NA,NA
"266",2011-09-23,2395,0,2390.81204341843,NA,NA,NA
"267",2011-09-24,5423,0,5416.1512523008,NA,NA,NA
"268",2011-09-25,5010,0,5003.24442723176,NA,NA,NA
"269",2011-09-26,4630,0,4623.43499551023,NA,NA,NA
"270",2011-09-27,4120,0,4113.92452309844,NA,NA,NA
"271",2011-09-28,3907,0,3901.17734576994,NA,NA,NA
"272",2011-09-29,4839,0,4833.04963177259,NA,NA,NA
"273",2011-09-30,5202,0,5195.5544708837,NA,NA,NA
"274",2011-10-01,2429,0,2423.98926835128,NA,NA,NA
"275",2011-10-02,2918,0,2911.94113337077,NA,NA,NA
"276",2011-10-03,3570,0,3563.70455055371,NA,NA,NA
"277",2011-10-04,4456,0,4449.67719218855,NA,NA,NA
"278",2011-10-05,4826,0,4819.72934021873,NA,NA,NA
"279",2011-10-06,4765,0,4758.85765144528,NA,NA,NA
"280",2011-10-07,4985,0,4979.00759365632,NA,NA,NA
"281",2011-10-08,5409,0,5402.79448099617,NA,NA,NA
"282",2011-10-09,5511,0,5504.17479482332,NA,NA,NA
"283",2011-10-10,5117,0,5110.23440008143,NA,NA,NA
"284",2011-10-11,4563,0,4556.23812310306,NA,NA,NA
"285",2011-10-12,2416,0,2410.32124771852,NA,NA,NA
"286",2011-10-13,2913,0,2908.04341291499,NA,NA,NA
"287",2011-10-14,3644,0,3638.2455230147,NA,NA,NA
"288",2011-10-15,5217,0,5210.61644107726,NA,NA,NA
"289",2011-10-16,5041,0,5034.23532125553,NA,NA,NA
"290",2011-10-17,4570,0,4563.88001421347,NA,NA,NA
"291",2011-10-18,4748,0,4741.13615998733,NA,NA,NA
"292",2011-10-19,2424,0,2418.33214469708,NA,NA,NA
"293",2011-10-20,4195,0,4188.59301453998,NA,NA,NA
"294",2011-10-21,4304,0,4297.99089960417,NA,NA,NA
"295",2011-10-22,4308,0,4302.49729773003,NA,NA,NA
"296",2011-10-23,4381,0,4374.77011302651,NA,NA,NA
"297",2011-10-24,4187,0,4180.94658226066,NA,NA,NA
"298",2011-10-25,4687,0,4680.60043695142,NA,NA,NA
"299",2011-10-26,3894,0,3887.78034276318,NA,NA,NA
"300",2011-10-27,2659,0,2653.81871384272,NA,NA,NA
"301",2011-10-28,3747,0,3740.48527510447,NA,NA,NA
"302",2011-10-29,627,0,622.252588412608,NA,NA,NA
"303",2011-10-30,3331,0,3325.38122944283,NA,NA,NA
"304",2011-10-31,3669,0,3663.13341666748,NA,NA,NA
"305",2011-11-01,4068,0,4061.96500820943,NA,NA,NA
"306",2011-11-02,4186,0,4179.95107354188,NA,NA,NA
"307",2011-11-03,3974,0,3968.23225196581,NA,NA,NA
"308",2011-11-04,4046,0,4039.27981669163,NA,NA,NA
"309",2011-11-05,3926,0,3920.3893493993,NA,NA,NA
"310",2011-11-06,3649,0,3643.2520331785,NA,NA,NA
"311",2011-11-07,4035,0,4029.01534608963,NA,NA,NA
"312",2011-11-08,4205,0,4198.98780156957,NA,NA,NA
"313",2011-11-09,4109,0,4103.11672678899,NA,NA,NA
"314",2011-11-10,2933,0,2927.22991331936,NA,NA,NA
"315",2011-11-11,3368,0,3362.02967531303,NA,NA,NA
"316",2011-11-12,4067,0,4061.25853601029,NA,NA,NA
"317",2011-11-13,3717,0,3711.321406415,NA,NA,NA
"318",2011-11-14,4486,0,4479.58303297289,NA,NA,NA
"319",2011-11-15,4195,0,4188.44345389648,NA,NA,NA
"320",2011-11-16,1817,0,1811.86143666194,NA,NA,NA
"321",2011-11-17,3053,0,3046.9294127235,NA,NA,NA
"322",2011-11-18,3392,0,3386.65844518393,NA,NA,NA
"323",2011-11-19,3663,0,3657.58722237298,NA,NA,NA
"324",2011-11-20,3520,0,3513.91824099669,NA,NA,NA
"325",2011-11-21,2765,0,2758.72987004219,NA,NA,NA
"326",2011-11-22,1607,0,1601.85550633326,NA,NA,NA
"327",2011-11-23,2566,0,2560.40625541704,NA,NA,NA
"328",2011-11-24,1495,0,1491.26727128126,NA,NA,NA
"329",2011-11-25,2792,0,2787.54416822237,NA,NA,NA
"330",2011-11-26,3068,0,3063.56075894215,NA,NA,NA
"331",2011-11-27,3071,0,3065.95920646844,NA,NA,NA
"332",2011-11-28,3867,0,3861.36507724077,NA,NA,NA
"333",2011-11-29,2914,0,2908.159302213,NA,NA,NA
"334",2011-11-30,3613,0,3606.95546901407,NA,NA,NA
"335",2011-12-01,3727,0,3721.09807891205,NA,NA,NA
"336",2011-12-02,3940,0,3934.17870759374,NA,NA,NA
"337",2011-12-03,3614,0,3608.72924346607,NA,NA,NA
"338",2011-12-04,3485,0,3479.31383584051,NA,NA,NA
"339",2011-12-05,3811,0,3804.42061204431,NA,NA,NA
"340",2011-12-06,2594,0,2587.73237981275,NA,NA,NA
"341",2011-12-07,705,0,700.407186143737,NA,NA,NA
"342",2011-12-08,3322,0,3316.22267341808,NA,NA,NA
"343",2011-12-09,3620,0,3614.38590757979,NA,NA,NA
"344",2011-12-10,3190,0,3184.82169979854,NA,NA,NA
"345",2011-12-11,2743,0,2738.02435570786,NA,NA,NA
"346",2011-12-12,3310,0,3304.24687961442,NA,NA,NA
"347",2011-12-13,3523,0,3517.16313719935,NA,NA,NA
"348",2011-12-14,3740,0,3733.6014037554,NA,NA,NA
"349",2011-12-15,3709,0,3702.58104940575,NA,NA,NA
"350",2011-12-16,3577,0,3570.79477045709,NA,NA,NA
"351",2011-12-17,2739,0,2733.44606502527,NA,NA,NA
"352",2011-12-18,2431,0,2426.02051131413,NA,NA,NA
"353",2011-12-19,3403,0,3397.03914825085,NA,NA,NA
"354",2011-12-20,3750,0,3743.82404934057,NA,NA,NA
"355",2011-12-21,2660,0,2655.52251271068,NA,NA,NA
"356",2011-12-22,3068,0,3063.74899078586,NA,NA,NA
"357",2011-12-23,2209,0,2205.68045126683,NA,NA,NA
"358",2011-12-24,1011,0,1009.25425837264,NA,NA,NA
"359",2011-12-25,754,0,751.842336230328,NA,NA,NA
"360",2011-12-26,1317,0,1313.92859860999,NA,NA,NA
"361",2011-12-27,1162,0,1158.75812579983,NA,NA,NA
"362",2011-12-28,2302,0,2298.29996231075,NA,NA,NA
"363",2011-12-29,2423,0,2419.46426630122,NA,NA,NA
"364",2011-12-30,2999,0,2995.09109462287,NA,NA,NA
"365",2011-12-31,2485,0,2482.00639180949,NA,NA,NA
"366",2012-01-01,2294,0,3402.8439307611,NA,NA,NA
"367",2012-01-02,1951,0,2916.00735740645,NA,NA,NA
"368",2012-01-03,2236,0,3066.79825967933,NA,NA,NA
"369",2012-01-04,2368,0,2875.78116327557,NA,NA,NA
"370",2012-01-05,3272,0,3989.35507013593,NA,NA,NA
"371",2012-01-06,4098,0,4034.04656217727,NA,NA,NA
"372",2012-01-07,4521,0,5206.16159071166,NA,NA,NA
"373",2012-01-08,3425,0,4136.36747826443,NA,NA,NA
"374",2012-01-09,2376,0,2874.3191307072,NA,NA,NA
"375",2012-01-10,3598,0,3996.29103196924,NA,NA,NA
"376",2012-01-11,2177,0,3632.99549805646,NA,NA,NA
"377",2012-01-12,4097,0,3527.4977513553,NA,NA,NA
"378",2012-01-13,3214,0,3749.66558727396,NA,NA,NA
"379",2012-01-14,2493,0,3780.63345999151,NA,NA,NA
"380",2012-01-15,2311,0,3135.9190855917,NA,NA,NA
"381",2012-01-16,2298,0,2522.00290525721,NA,NA,NA
"382",2012-01-17,2935,0,3706.14800477172,NA,NA,NA
"383",2012-01-18,3376,0,3626.74266281892,NA,NA,NA
"384",2012-01-19,3292,0,4401.21022192115,NA,NA,NA
"385",2012-01-20,3163,0,4045.96992117285,NA,NA,NA
"386",2012-01-21,1301,0,3139.84382311323,NA,NA,NA
"387",2012-01-22,1977,0,1759.90083331251,NA,NA,NA
"388",2012-01-23,2432,0,2603.62903475053,NA,NA,NA
"389",2012-01-24,4339,0,4199.44170573393,NA,NA,NA
"390",2012-01-25,4270,0,5004.43652538134,NA,NA,NA
"391",2012-01-26,4075,0,4511.01760496425,NA,NA,NA
"392",2012-01-27,3456,0,2107.49657020883,NA,NA,NA
"393",2012-01-28,4023,0,4659.9540065898,NA,NA,NA
"394",2012-01-29,3243,0,3133.94277571132,NA,NA,NA
"395",2012-01-30,3624,0,3294.81809173991,NA,NA,NA
"396",2012-01-31,4509,0,5138.19744178632,NA,NA,NA
"397",2012-02-01,4579,0,5225.72695448174,NA,NA,NA
"398",2012-02-02,3761,0,4536.13976867959,NA,NA,NA
"399",2012-02-03,4151,0,4361.13733817708,NA,NA,NA
"400",2012-02-04,2832,0,4060.71421520187,NA,NA,NA
"401",2012-02-05,2947,0,2950.02623352676,NA,NA,NA
"402",2012-02-06,3784,0,3551.42810482455,NA,NA,NA
"403",2012-02-07,4375,0,4202.14305474703,NA,NA,NA
"404",2012-02-08,2802,0,3568.75856013982,NA,NA,NA
"405",2012-02-09,3830,0,4860.86183605857,NA,NA,NA
"406",2012-02-10,3831,0,3703.29427156282,NA,NA,NA
"407",2012-02-11,2169,0,2144.89092728287,NA,NA,NA
"408",2012-02-12,1529,0,2280.50015661927,NA,NA,NA
"409",2012-02-13,3422,0,3578.61194265526,NA,NA,NA
"410",2012-02-14,3922,0,3665.0250242178,NA,NA,NA
"411",2012-02-15,4169,0,4355.19931617334,NA,NA,NA
"412",2012-02-16,3005,0,3681.44254410662,NA,NA,NA
"413",2012-02-17,4154,0,4262.37781512796,NA,NA,NA
"414",2012-02-18,4318,0,4839.35866085848,NA,NA,NA
"415",2012-02-19,2689,0,2432.53505842071,NA,NA,NA
"416",2012-02-20,3129,0,3290.16190712489,NA,NA,NA
"417",2012-02-21,3777,0,4619.25373537826,NA,NA,NA
"418",2012-02-22,4773,0,4319.83026608369,NA,NA,NA
"419",2012-02-23,5062,0,4544.16602828729,NA,NA,NA
"420",2012-02-24,3487,0,4394.25416295608,NA,NA,NA
"421",2012-02-25,2732,0,4394.01837663392,NA,NA,NA
"422",2012-02-26,3389,0,3650.96798460904,NA,NA,NA
"423",2012-02-27,4322,0,4348.81771636277,NA,NA,NA
"424",2012-02-28,4363,0,4935.13845520339,NA,NA,NA
"425",2012-02-29,1834,0,3459.63628822685,NA,NA,NA
"426",2012-03-01,4990,0,4899.42475216418,NA,NA,NA
"427",2012-03-02,3194,0,3592.46494141621,NA,NA,NA
"428",2012-03-03,4066,0,4951.98297076598,NA,NA,NA
"429",2012-03-04,3423,0,4360.64911937321,NA,NA,NA
"430",2012-03-05,3333,0,3628.74554947703,NA,NA,NA
"431",2012-03-06,3956,0,4530.30542235312,NA,NA,NA
"432",2012-03-07,4916,0,4035.46242231774,NA,NA,NA
"433",2012-03-08,5382,0,5248.89146824248,NA,NA,NA
"434",2012-03-09,4569,0,2729.05527372387,NA,NA,NA
"435",2012-03-10,4118,0,5267.57392561192,NA,NA,NA
"436",2012-03-11,4911,0,3976.10724613143,NA,NA,NA
"437",2012-03-12,5298,0,4948.41314458969,NA,NA,NA
"438",2012-03-13,5847,0,4703.54811047927,NA,NA,NA
"439",2012-03-14,6312,0,6191.01216762205,NA,NA,NA
"440",2012-03-15,6192,0,6113.52404853976,NA,NA,NA
"441",2012-03-16,4378,0,4321.99171927326,NA,NA,NA
"442",2012-03-17,7836,0,4888.48686728267,NA,NA,NA
"443",2012-03-18,5892,0,4193.44918134206,NA,NA,NA
"444",2012-03-19,6153,0,5098.63699571202,NA,NA,NA
"445",2012-03-20,6093,0,6143.35828712601,NA,NA,NA
"446",2012-03-21,6230,0,4677.91396402037,NA,NA,NA
"447",2012-03-22,6871,0,6054.92493224767,NA,NA,NA
"448",2012-03-23,8362,0,5650.54814423742,NA,NA,NA
"449",2012-03-24,3372,0,4411.79987968752,NA,NA,NA
"450",2012-03-25,4996,0,3464.78065382086,NA,NA,NA
"451",2012-03-26,5558,0,4582.13651590577,NA,NA,NA
"452",2012-03-27,5102,0,4514.61021545585,NA,NA,NA
"453",2012-03-28,5698,0,4917.71319220566,NA,NA,NA
"454",2012-03-29,6133,0,4953.53621495349,NA,NA,NA
"455",2012-03-30,5459,0,5509.64531439682,NA,NA,NA
"456",2012-03-31,6235,0,5014.82687597251,NA,NA,NA
"457",2012-04-01,6041,0,4290.58826444876,NA,NA,NA
"458",2012-04-02,5936,0,5110.47532396242,NA,NA,NA
"459",2012-04-03,6772,0,5711.99697414526,NA,NA,NA
"460",2012-04-04,6436,0,5863.2096710237,NA,NA,NA
"461",2012-04-05,6457,0,5383.3581072307,NA,NA,NA
"462",2012-04-06,6460,0,5102.44038501402,NA,NA,NA
"463",2012-04-07,6857,0,5397.05935489452,NA,NA,NA
"464",2012-04-08,5169,0,5705.96665568437,NA,NA,NA
"465",2012-04-09,5585,0,5872.27883071549,NA,NA,NA
"466",2012-04-10,5918,0,6202.98388815005,NA,NA,NA
"467",2012-04-11,4862,0,4606.37833406616,NA,NA,NA
"468",2012-04-12,5409,0,5271.19737504884,NA,NA,NA
"469",2012-04-13,6398,0,5402.31310436337,NA,NA,NA
"470",2012-04-14,7460,0,6348.36190832318,NA,NA,NA
"471",2012-04-15,7132,0,5111.3494330744,NA,NA,NA
"472",2012-04-16,6370,0,6064.27781022584,NA,NA,NA
"473",2012-04-17,6691,0,5848.20936145266,NA,NA,NA
"474",2012-04-18,4367,0,5330.04283987818,NA,NA,NA
"475",2012-04-19,6565,0,6259.39832726207,NA,NA,NA
"476",2012-04-20,7290,0,6768.74901807898,NA,NA,NA
"477",2012-04-21,6624,0,5445.96597875909,NA,NA,NA
"478",2012-04-22,1027,0,4489.79914951768,NA,NA,NA
"479",2012-04-23,3214,0,5048.80411355669,NA,NA,NA
"480",2012-04-24,5633,0,5767.92225956843,NA,NA,NA
"481",2012-04-25,6196,0,6920.78618127536,NA,NA,NA
"482",2012-04-26,5026,0,6077.53473612176,NA,NA,NA
"483",2012-04-27,6233,0,6627.89925953016,NA,NA,NA
"484",2012-04-28,4220,0,6052.41835944623,NA,NA,NA
"485",2012-04-29,6304,0,7080.70052270209,NA,NA,NA
"486",2012-04-30,5572,0,5482.31624971165,NA,NA,NA
"487",2012-05-01,5740,0,6975.11826115874,NA,NA,NA
"488",2012-05-02,6169,0,7567.92895805665,NA,NA,NA
"489",2012-05-03,6421,0,5827.41595437576,NA,NA,NA
"490",2012-05-04,6296,0,7255.95430910917,NA,NA,NA
"491",2012-05-05,6883,0,6809.68630949926,NA,NA,NA
"492",2012-05-06,6359,0,5594.08894805887,NA,NA,NA
"493",2012-05-07,6273,0,5269.28998075048,NA,NA,NA
"494",2012-05-08,5728,0,5629.82084664261,NA,NA,NA
"495",2012-05-09,4717,0,5923.54899781811,NA,NA,NA
"496",2012-05-10,6572,0,5830.21677523186,NA,NA,NA
"497",2012-05-11,7030,0,7358.07435109458,NA,NA,NA
"498",2012-05-12,7429,0,7905.80978879228,NA,NA,NA
"499",2012-05-13,6118,0,6166.94747282471,NA,NA,NA
"500",2012-05-14,2843,0,6551.36920976068,NA,NA,NA
"501",2012-05-15,5115,0,5533.15802400971,NA,NA,NA
"502",2012-05-16,7424,0,7828.74691246468,NA,NA,NA
"503",2012-05-17,7384,0,7201.96517461606,NA,NA,NA
"504",2012-05-18,7639,0,7836.65072832537,NA,NA,NA
"505",2012-05-19,8294,0,7902.93367104416,NA,NA,NA
"506",2012-05-20,7129,0,7228.58290758833,NA,NA,NA
"507",2012-05-21,4359,0,5695.88705685964,NA,NA,NA
"508",2012-05-22,6073,0,6763.23402445338,NA,NA,NA
"509",2012-05-23,5260,0,6790.83615016054,NA,NA,NA
"510",2012-05-24,6770,0,7082.17970179698,NA,NA,NA
"511",2012-05-25,6734,0,6850.32845073473,NA,NA,NA
"512",2012-05-26,6536,0,7102.78581225429,NA,NA,NA
"513",2012-05-27,6591,0,6557.18923404197,NA,NA,NA
"514",2012-05-28,6043,0,6775.73602215886,NA,NA,NA
"515",2012-05-29,5743,0,6235.24526223399,NA,NA,NA
"516",2012-05-30,6855,0,4976.48781007462,NA,NA,NA
"517",2012-05-31,7338,0,6800.91520032498,NA,NA,NA
"518",2012-06-01,4127,0,5913.03505575958,NA,NA,NA
"519",2012-06-02,8120,0,7504.24455525905,NA,NA,NA
"520",2012-06-03,7641,0,6628.56018118913,NA,NA,NA
"521",2012-06-04,6998,0,7237.19269514972,NA,NA,NA
"522",2012-06-05,7001,0,5329.46602722227,NA,NA,NA
"523",2012-06-06,7055,0,6759.14711606542,NA,NA,NA
"524",2012-06-07,7494,0,5985.56210764505,NA,NA,NA
"525",2012-06-08,7736,0,6268.21268205246,NA,NA,NA
"526",2012-06-09,7498,0,6965.84967327047,NA,NA,NA
"527",2012-06-10,6598,0,6756.73685440988,NA,NA,NA
"528",2012-06-11,6664,0,5969.59561481968,NA,NA,NA
"529",2012-06-12,4972,0,6462.45166454533,NA,NA,NA
"530",2012-06-13,7421,0,6993.58137871232,NA,NA,NA
"531",2012-06-14,7363,0,7122.56321748085,NA,NA,NA
"532",2012-06-15,7665,0,6871.18155699605,NA,NA,NA
"533",2012-06-16,7702,0,7339.22677393146,NA,NA,NA
"534",2012-06-17,6978,0,6363.42594120687,NA,NA,NA
"535",2012-06-18,5099,0,5995.04390113238,NA,NA,NA
"536",2012-06-19,6825,0,7161.65423342962,NA,NA,NA
"537",2012-06-20,6211,0,8783.10597560452,NA,NA,NA
"538",2012-06-21,5905,0,7256.13348064293,NA,NA,NA
"539",2012-06-22,5823,0,8132.79212425002,NA,NA,NA
"540",2012-06-23,7458,0,7533.68401982255,NA,NA,NA
"541",2012-06-24,6891,0,7148.30868147847,NA,NA,NA
"542",2012-06-25,6779,0,6933.03539084522,NA,NA,NA
"543",2012-06-26,7442,0,7088.53097773075,NA,NA,NA
"544",2012-06-27,7335,0,6646.04732081234,NA,NA,NA
"545",2012-06-28,6879,0,7815.58041802915,NA,NA,NA
"546",2012-06-29,5463,0,8196.47664785535,NA,NA,NA
"547",2012-06-30,5687,0,7512.94229255419,NA,NA,NA
"548",2012-07-01,5531,0,6777.28412597401,NA,NA,NA
"549",2012-07-02,6227,0,7939.22232068128,NA,NA,NA
"550",2012-07-03,6660,0,9565.81714751199,NA,NA,NA
"551",2012-07-04,7403,0,6639.73657555811,NA,NA,NA
"552",2012-07-05,6241,0,7407.3279486481,NA,NA,NA
"553",2012-07-06,6207,0,7323.39661453515,NA,NA,NA
"554",2012-07-07,4840,0,8084.16258852756,NA,NA,NA
"555",2012-07-08,4672,0,7410.07730954661,NA,NA,NA
"556",2012-07-09,6569,0,5988.6384600206,NA,NA,NA
"557",2012-07-10,6290,0,5756.77519436855,NA,NA,NA
"558",2012-07-11,7264,0,6221.69024496848,NA,NA,NA
"559",2012-07-12,7446,0,6539.03687363885,NA,NA,NA
"560",2012-07-13,7499,0,7187.05535327092,NA,NA,NA
"561",2012-07-14,6969,0,7345.78769049023,NA,NA,NA
"562",2012-07-15,6031,0,7700.12054168128,NA,NA,NA
"563",2012-07-16,6830,0,7657.64213865676,NA,NA,NA
"564",2012-07-17,6786,0,7335.54851438135,NA,NA,NA
"565",2012-07-18,5713,0,6858.92321746791,NA,NA,NA
"566",2012-07-19,6591,0,6514.64095019983,NA,NA,NA
"567",2012-07-20,5870,0,5307.44774676652,NA,NA,NA
"568",2012-07-21,4459,0,2955.04860417592,NA,NA,NA
"569",2012-07-22,7410,0,3363.26536050139,NA,NA,NA
"570",2012-07-23,6966,0,5240.50760977322,NA,NA,NA
"571",2012-07-24,7592,0,5858.59324702307,NA,NA,NA
"572",2012-07-25,8173,0,6810.1573584324,NA,NA,NA
"573",2012-07-26,6861,0,6383.00765562885,NA,NA,NA
"574",2012-07-27,6904,0,6649.32806565966,NA,NA,NA
"575",2012-07-28,6685,0,5879.29735159119,NA,NA,NA
"576",2012-07-29,6597,0,5604.68922152026,NA,NA,NA
"577",2012-07-30,7105,0,5888.05302646429,NA,NA,NA
"578",2012-07-31,7216,0,6078.86178196298,NA,NA,NA
"579",2012-08-01,7580,0,6771.89016125538,NA,NA,NA
"580",2012-08-02,7261,0,6541.7863821486,NA,NA,NA
"581",2012-08-03,7175,0,7050.74521590204,NA,NA,NA
"582",2012-08-04,6824,0,7354.09091432121,NA,NA,NA
"583",2012-08-05,5464,0,6716.81568465456,NA,NA,NA
"584",2012-08-06,7013,0,5465.63900851881,NA,NA,NA
"585",2012-08-07,7273,0,5811.89173212056,NA,NA,NA
"586",2012-08-08,7534,0,6020.53859900375,NA,NA,NA
"587",2012-08-09,7286,0,6838.88840365824,NA,NA,NA
"588",2012-08-10,5786,0,5785.86519390248,NA,NA,NA
"589",2012-08-11,6299,0,5966.86051159337,NA,NA,NA
"590",2012-08-12,6544,0,6939.58112693933,NA,NA,NA
"591",2012-08-13,6883,0,7216.39743358997,NA,NA,NA
"592",2012-08-14,6784,0,6884.60507105901,NA,NA,NA
"593",2012-08-15,7347,0,7071.49798268321,NA,NA,NA
"594",2012-08-16,7605,0,6942.15957558933,NA,NA,NA
"595",2012-08-17,7148,0,6107.83270135512,NA,NA,NA
"596",2012-08-18,7865,0,7204.73733778661,NA,NA,NA
"597",2012-08-19,4549,0,5897.68298671475,NA,NA,NA
"598",2012-08-20,6530,0,5302.9787999232,NA,NA,NA
"599",2012-08-21,7006,0,7112.26531889196,NA,NA,NA
"600",2012-08-22,7375,0,8141.90171768689,NA,NA,NA
"601",2012-08-23,7765,0,7813.18606827824,NA,NA,NA
"602",2012-08-24,7582,0,6339.04105815722,NA,NA,NA
"603",2012-08-25,6053,0,5837.94400761317,NA,NA,NA
"604",2012-08-26,5255,0,3009.86630825256,NA,NA,NA
"605",2012-08-27,6917,0,6626.19876193605,NA,NA,NA
"606",2012-08-28,7040,0,7002.50053931349,NA,NA,NA
"607",2012-08-29,7697,0,7592.77280945204,NA,NA,NA
"608",2012-08-30,7713,0,7457.51808434744,NA,NA,NA
"609",2012-08-31,7350,0,7702.25682245485,NA,NA,NA
"610",2012-09-01,6140,0,7650.82562159037,NA,NA,NA
"611",2012-09-02,5810,0,5710.81095248908,NA,NA,NA
"612",2012-09-03,6034,0,6647.40402529889,NA,NA,NA
"613",2012-09-04,6864,0,6803.28838861617,NA,NA,NA
"614",2012-09-05,7112,0,7543.97194203237,NA,NA,NA
"615",2012-09-06,6203,0,5223.50544641379,NA,NA,NA
"616",2012-09-07,7504,0,5933.32693334607,NA,NA,NA
"617",2012-09-08,5976,0,5640.31924600916,NA,NA,NA
"618",2012-09-09,8227,0,6812.0668987165,NA,NA,NA
"619",2012-09-10,7525,0,6683.3224824172,NA,NA,NA
"620",2012-09-11,7767,0,6853.72257284931,NA,NA,NA
"621",2012-09-12,7870,0,6951.71963213568,NA,NA,NA
"622",2012-09-13,7804,0,7052.7237370978,NA,NA,NA
"623",2012-09-14,8009,0,7214.85922218582,NA,NA,NA
"624",2012-09-15,8714,0,8181.80682161008,NA,NA,NA
"625",2012-09-16,7333,0,7535.46836142849,NA,NA,NA
"626",2012-09-17,6869,0,5910.0557404283,NA,NA,NA
"627",2012-09-18,4073,0,6257.693891395,NA,NA,NA
"628",2012-09-19,7591,0,6658.50079854711,NA,NA,NA
"629",2012-09-20,7720,0,7313.95389658201,NA,NA,NA
"630",2012-09-21,8167,0,7762.06129247745,NA,NA,NA
"631",2012-09-22,8395,0,5772.53573725278,NA,NA,NA
"632",2012-09-23,7907,0,7489.60545480456,NA,NA,NA
"633",2012-09-24,7436,0,7444.27091488084,NA,NA,NA
"634",2012-09-25,7538,0,7136.27315827589,NA,NA,NA
"635",2012-09-26,7733,0,6945.02664728067,NA,NA,NA
"636",2012-09-27,7393,0,6370.40924982045,NA,NA,NA
"637",2012-09-28,7415,0,6396.14926917008,NA,NA,NA
"638",2012-09-29,8555,0,7548.27500539977,NA,NA,NA
"639",2012-09-30,6889,0,5745.65399696138,NA,NA,NA
"640",2012-10-01,6778,0,6036.66643142124,NA,NA,NA
"641",2012-10-02,4639,0,5642.18836124254,NA,NA,NA
"642",2012-10-03,7572,0,6859.62275460444,NA,NA,NA
"643",2012-10-04,7328,0,6837.67766576151,NA,NA,NA
"644",2012-10-05,8156,0,7459.99599308378,NA,NA,NA
"645",2012-10-06,7965,0,6881.40386797342,NA,NA,NA
"646",2012-10-07,3510,0,5692.99726453888,NA,NA,NA
"647",2012-10-08,5478,0,5578.6155845456,NA,NA,NA
"648",2012-10-09,6392,0,6178.24319811881,NA,NA,NA
"649",2012-10-10,7691,0,7333.71460901297,NA,NA,NA
"650",2012-10-11,7570,0,6253.914628045,NA,NA,NA
"651",2012-10-12,7282,0,5401.77626009133,NA,NA,NA
"652",2012-10-13,7109,0,6575.32009753842,NA,NA,NA
"653",2012-10-14,6639,0,6645.51524440082,NA,NA,NA
"654",2012-10-15,5875,0,6285.7676569784,NA,NA,NA
"655",2012-10-16,7534,0,6537.86230100781,NA,NA,NA
"656",2012-10-17,7461,0,7385.19836939198,NA,NA,NA
"657",2012-10-18,7509,0,5436.21957445812,NA,NA,NA
"658",2012-10-19,5424,0,6576.57277163948,NA,NA,NA
"659",2012-10-20,8090,0,7142.70937553272,NA,NA,NA
"660",2012-10-21,6824,0,5998.01090999801,NA,NA,NA
"661",2012-10-22,7058,0,6884.41873420077,NA,NA,NA
"662",2012-10-23,7466,0,6879.77337838375,NA,NA,NA
"663",2012-10-24,7693,0,7527.71554026008,NA,NA,NA
"664",2012-10-25,7359,0,6300.82084581153,NA,NA,NA
"665",2012-10-26,7444,0,5303.68185791972,NA,NA,NA
"666",2012-10-27,7852,0,6658.28768597249,NA,NA,NA
"667",2012-10-28,4459,0,3797.12579122178,NA,NA,NA
"668",2012-10-29,22,0,3670.95339596514,NA,NA,NA
"669",2012-10-30,1096,0,4689.62806379498,NA,NA,NA
"670",2012-10-31,5566,0,5381.12464043095,NA,NA,NA
"671",2012-11-01,5986,0,5612.45806836282,NA,NA,NA
"672",2012-11-02,5847,0,5840.03379540057,NA,NA,NA
"673",2012-11-03,5138,0,6341.10602078656,NA,NA,NA
"674",2012-11-04,5107,0,5536.78287205245,NA,NA,NA
"675",2012-11-05,5259,0,5460.47747440049,NA,NA,NA
"676",2012-11-06,5686,0,5729.79758387032,NA,NA,NA
"677",2012-11-07,5035,0,4891.82865185122,NA,NA,NA
"678",2012-11-08,5315,0,5854.00657377676,NA,NA,NA
"679",2012-11-09,5992,0,5980.13994936624,NA,NA,NA
"680",2012-11-10,6536,0,6825.93650400309,NA,NA,NA
"681",2012-11-11,6852,0,6003.12124343312,NA,NA,NA
"682",2012-11-12,6269,0,5468.13892303756,NA,NA,NA
"683",2012-11-13,4094,0,5155.03020361753,NA,NA,NA
"684",2012-11-14,5495,0,6363.95639776792,NA,NA,NA
"685",2012-11-15,5445,0,4512.60602220605,NA,NA,NA
"686",2012-11-16,5698,0,6353.57186809155,NA,NA,NA
"687",2012-11-17,5629,0,5758.5100985928,NA,NA,NA
"688",2012-11-18,4669,0,5094.31410923258,NA,NA,NA
"689",2012-11-19,5499,0,5194.05553296562,NA,NA,NA
"690",2012-11-20,5634,0,5775.21902887411,NA,NA,NA
"691",2012-11-21,5146,0,5367.28038736783,NA,NA,NA
"692",2012-11-22,2425,0,5614.53756049313,NA,NA,NA
"693",2012-11-23,3910,0,4111.32452217379,NA,NA,NA
"694",2012-11-24,2277,0,4342.64779425219,NA,NA,NA
"695",2012-11-25,2424,0,4225.91025460477,NA,NA,NA
"696",2012-11-26,5087,0,5186.37190790067,NA,NA,NA
"697",2012-11-27,3959,0,4325.88974661972,NA,NA,NA
"698",2012-11-28,5260,0,5696.26420769014,NA,NA,NA
"699",2012-11-29,5323,0,6125.35554632045,NA,NA,NA
"700",2012-11-30,5668,0,6176.46585148582,NA,NA,NA
"701",2012-12-01,5191,1,NA,5472.45976118339,7661.29070681082,3283.62881555596
"702",2012-12-02,4649,1,NA,4400.18678012436,6589.01772575179,2211.35583449693
"703",2012-12-03,6234,1,NA,5961.85607971484,8150.68702534227,3773.02513408741
"704",2012-12-04,6606,1,NA,6820.59890969062,9009.42985531805,4631.76796406319
"705",2012-12-05,5729,1,NA,6341.31002524921,8530.14097087664,4152.47907962178
"706",2012-12-06,5375,1,NA,4463.97923315666,6652.81017878408,2275.14828752923
"707",2012-12-07,5008,1,NA,5117.55450138564,7306.38544701307,2928.72355575821
"708",2012-12-08,5582,1,NA,5338.08756595652,7526.91851158395,3149.25662032909
"709",2012-12-09,3228,1,NA,4259.93641115954,6448.76735678697,2071.10546553211
"710",2012-12-10,5170,1,NA,4053.82066294988,6242.65160857731,1864.98971732245
"711",2012-12-11,5501,1,NA,4705.37437040912,6894.20531603654,2516.54342478169
"712",2012-12-12,5319,1,NA,5088.26324493083,7277.09419055826,2899.43229930341
"713",2012-12-13,5532,1,NA,6439.51682541144,8628.34777103887,4250.68587978401
"714",2012-12-14,5611,1,NA,6434.13198462486,8622.96293025229,4245.30103899743
"715",2012-12-15,5047,1,NA,6680.87016823539,8869.70111386282,4492.03922260796
"716",2012-12-16,3786,1,NA,4781.59357738464,6970.42452301207,2592.76263175721
"717",2012-12-17,4585,1,NA,4167.03739983777,6355.86834546519,1978.20645421034
"718",2012-12-18,5557,1,NA,5920.60917611916,8109.44012174659,3731.77823049173
"719",2012-12-19,5267,1,NA,6083.89915207217,8272.7300976996,3895.06820644474
"720",2012-12-20,4128,1,NA,3867.27488864863,6056.10583427606,1678.4439430212
"721",2012-12-21,3623,1,NA,4281.78262603212,6470.61357165955,2092.95168040469
"722",2012-12-22,1749,1,NA,4106.78401726625,6295.61496289368,1917.95307163882
"723",2012-12-23,1787,1,NA,2591.62120887091,4780.45215449834,402.790263243482
"724",2012-12-24,920,1,NA,2030.74372801462,4219.57467364205,-158.087217612808
"725",2012-12-25,1013,1,NA,2657.22308006319,4846.05402569062,468.392134435759
"726",2012-12-26,441,1,NA,1979.87962930906,4168.71057493649,-208.951316318371
"727",2012-12-27,2114,1,NA,3343.55832797829,5532.38927360572,1154.72738235087
"728",2012-12-28,3095,1,NA,3842.56190895918,6031.39285458661,1653.73096333175
"729",2012-12-29,1341,1,NA,4367.75779550309,6556.58874113052,2178.92684987566
"730",2012-12-30,1796,1,NA,3337.82666692755,5526.65761255498,1148.99572130012
"731",2012-12-31,2729,1,NA,1032.17653225894,3221.0074778958,-1156.65441337791
